Class,U-Net IoU,STEGO IoU,U-Net Precision,STEGO Precision,U-Net Recall,STEGO Recall,U-Net F1,STEGO F1
background,0.9178197155046495,0.6692170685080701,0.8753445559698447,0.7065199582319315,0.9315480531603872,0.634924296618988,0.9231918593933389,0.6836956181708023
building,0.8312363084457386,0.3262069867250895,0.8251152632320656,0.3497465093201812,0.8109630437740147,0.29111217719775895,0.8185778697694208,0.3158141931347867
water,0.740550603355538,0.30779759123008577,0.7559390210557446,0.32125288361019666,0.7261152407981007,0.254614340206328,0.7534352211846674,0.3098060649978487
