Class,U-Net IoU,STEGO IoU,U-Net Precision,STEGO Precision,U-Net Recall,STEGO Recall,U-Net F1,STEGO F1
background,0.9613268350217917,0.8788478427999775,0.9477465185796721,0.8583935789663885,0.9637263562831155,0.8945968762917702,0.9337712064724772,0.8453894540582747
building,0.8687622287539483,0.7196579016629712,0.866713337341791,0.7576717666248319,0.855242332092054,0.6769172101454726,0.8801257910744327,0.712841779306119
water,0.8253112876366209,0.6138987979106405,0.8547117605504082,0.6689420701650894,0.7949011862539106,0.6079810273096775,0.8341441418062885,0.6436234056214787
