{
  "Overall Accuracy": {
    "U-Net": 0.9114192945866483,
    "STEGO": 0.8420010147962007
  },
  "Mean IoU": {
    "U-Net": 0.8364640427607029,
    "STEGO": 0.7288618234731912
  },
  "Per-Class IoU": {
    "U-Net": [
      0.9613268350217917,
      0.8687622287539483,
      0.8253112876366209
    ],
    "STEGO": [
      0.8788478427999775,
      0.7196579016629712,
      0.6138987979106405
    ]
  }
}