{
  "Overall Accuracy": {
    "U-Net": 0.872460469423887,
    "STEGO": 0.5678653679827899
  },
  "Mean IoU": {
    "U-Net": 0.7791460758437653,
    "STEGO": 0.450484937834509
  },
  "Per-Class IoU": {
    "U-Net": [
      0.9178197155046495,
      0.8312363084457386,
      0.740550603355538
    ],
    "STEGO": [
      0.6692170685080701,
      0.3262069867250895,
      0.30779759123008577
    ]
  }
}